"종목번호","종목명"
"005930","삼성전자"
"000660","SK하이닉스"
"005935","삼성전자우"
"005380","현대차"
"035420","NAVER"
"015760","한국전력"
"028260","삼성물산"
"012330","현대모비스"
"005490","POSCO"
"055550","신한지주"
"032830","삼성생명"
"105560","KB금융"
"017670","SK텔레콤"
"051910","LG화학"
"034730","SK"
"090430","아모레퍼시픽"
"033780","KT&G"
"000270","기아차"
"207940","삼성바이오로직스"
"051900","LG생활건강"
"096770","SK이노베이션"
"068270","셀트리온"
"066570","LG전자"
"003550","LG"
"000810","삼성화재"
"034220","LG디스플레이"
"251270","넷마블게임즈"
"018260","삼성에스디에스"
"086790","하나금융지주"
"011170","롯데케미칼"
"000030","우리은행"
"002790","아모레G"
"006400","삼성SDI"
"010950","S-Oil"
"009540","현대중공업"
"023530","롯데쇼핑"
"030200","KT"
"010130","고려아연"
"036570","엔씨소프트"
"161390","한국타이어"
"021240","코웨이"
"024110","기업은행"
"004020","현대제철"
"035250","강원랜드"
"032640","LG유플러스"
"009150","삼성전기"
"035720","카카오"
"006800","미래에셋대우"
"078930","GS"
"139480","이마트"
"004800","효성"
"018880","한온시스템"
"086280","현대글로비스"
"088350","한화생명"
"027410","BGF리테일"
"047810","한국항공우주"
"001040","CJ"
"008930","한미사이언스"
"000720","현대건설"
"010140","삼성중공업"
"009830","한화케미칼"
"097950","CJ제일제당"
"001800","오리온"
"036460","한국가스공사"
"005830","동부화재"
"267250","현대로보틱스"
"029780","삼성카드"
"128940","한미약품"
"002380","KCC"
"009240","한샘"
"000120","CJ대한통운"
"005387","현대차2우B"
"007070","GS리테일"
"005940","NH투자증권"
"011070","LG이노텍"
"071050","한국금융지주"
"012750","에스원"
"003490","대한항공"
"012630","현대산업"
"016360","삼성증권"
"241560","두산밥캣"
"000880","한화"
"138930","BNK금융지주"
"001450","현대해상"
"086900","메디톡스"
"026960","동서"
"000210","대림산업"
"130960","CJ E&M"
"042660","대우조선해양"
"047040","대우건설"
"007310","오뚜기"
"088980","맥쿼리인프라"
"004990","롯데제과"
"000100","유한양행"
"005385","현대차우"
"028670","팬오션"
"008560","메리츠종금증권"
"047050","포스코대우"
"069960","현대백화점"
"079440","아이엔지생명"
"204320","만도"
"012450","한화테크윈"
"028050","삼성엔지니어링"
"034020","두산중공업"
"006260","LS"
"000150","두산"
"010620","현대미포조선"
"004170","신세계"
"010060","OCI"
"011780","금호석유"
"003520","영진약품"
"008770","호텔신라"
"004370","농심"
"000060","메리츠화재"
"051600","한전KPS"
"005300","롯데칠성"
"036490","SK머티리얼즈"
"030000","제일기획"
"006280","녹십자"
"016170","로엔"
"006360","GS건설"
"002550","KB손해보험"
"138040","메리츠금융지주"
"000240","한국타이어월드와이드"
"039490","키움증권"
"090435","아모레퍼시픽우"
"041960","코미팜"
"011210","현대위아"
"139130","DGB금융지주"
"006120","SK케미칼"
"000670","영풍"
"120110","코오롱인더"
"064350","현대로템"
"042670","두산인프라코어"
"005440","현대그린푸드"
"084990","바이로메드"
"010120","LS산전"
"001740","SK네트웍스"
"011200","현대상선"
"005610","SPC삼립"
"000080","하이트진로"
"079550","LIG넥스원"
"006650","대한유화"
"082640","동양생명"
"181710","NHN엔터테인먼트"
"145020","휴젤"
"057050","현대홈쇼핑"
"071840","롯데하이마트"
"161890","한국콜마"
"079160","CJ CGV"
"005250","녹십자홀딩스"
"078340","컴투스"
"180640","한진칼"
"051915","LG화학우"
"111770","영원무역"
"028150","GS홈쇼핑"
"017800","현대엘리베이"
"192400","쿠쿠전자"
"003410","쌍용양회"
"215600","신라젠"
"003690","코리안리"
"010780","아이에스동서"
"114090","GKL"
"034230","파라다이스"
"051905","LG생활건강우"
"014820","동원시스템즈"
"002350","넥센타이어"
"102940","코오롱생명과학"
"214320","이노션"
"020560","아시아나항공"
"011790","SKC"
"267270","현대건설기계"
"003240","태광산업"
"240810","원익IPS"
"001440","대한전선"
"035760","CJ오쇼핑"
"036830","솔브레인"
"001230","동국제강"
"018670","SK가스"
"001120","LG상사"
"073240","금호타이어"
"022100","포스코 ICT"
"039030","이오테크닉스"
"267260","현대일렉트릭"
"192820","코스맥스"
"103140","풍산"
"020150","일진머티리얼즈"
"185750","종근당"
"046890","서울반도체"
"006040","동원산업"
"105630","한세실업"
"192080","더블유게임즈"
"069260","휴켐스"
"000070","삼양홀딩스"
"039130","하나투어"
"145990","삼양사"
"089590","제주항공"
"004000","롯데정밀화학"
"096530","씨젠"
"002620","제일약품"
"069620","대웅제약"
"081660","휠라코리아"
"108670","LG하우시스"
"003000","부광약품"
"108230","톱텍"
"006840","AK홀딩스"
"001430","세아베스틸"
"023590","다우기술"
"226320","잇츠한불"
"093370","후성"
"000990","동부하이텍"
"175330","JB금융지주"
"003620","쌍용차"
"001060","JW중외제약"
"001680","대상"
"002020","코오롱"
"049770","동원F&B"
"071320","지역난방공사"
"012510","더존비즈온"
"003670","포스코켐텍"
"008000","도레이케미칼"
"003300","한일시멘트"
"002270","롯데푸드"
"093050","LF"
"123890","한국자산신탁"
"095700","제넥신"
"034830","한국토지신탁"
"014680","한솔케미칼"
"051370","인터플렉스"
"000640","동아쏘시오홀딩스"
"020000","한섬"
"009970","영원무역홀딩스"
"098460","고영"
"115390","락앤락"
"005880","대한해운"
"069080","웹젠"
"170900","동아에스티"
"052690","한전기술"
"003470","유안타증권"
"007570","일양약품"
"053210","스카이라이프"
"237690","에스티팜"
"029460","케이씨텍"
"064960","S&T모티브"
"056190","에스에프에이"
"068760","셀트리온제약"
"005290","동진쎄미켐"
"085620","미래에셋생명"
"025540","한국단자"
"066575","LG전자우"
"048260","오스템임플란트"
"005850","에스엘"
"003090","대웅"
"058470","리노공업"
"214370","케어젠"
"009420","한올바이오파마"
"019680","대교"
"000370","한화손해보험"
"060980","한라홀딩스"
"037560","CJ헬로비전"
"002240","고려제강"
"033920","무학"
"009410","태영건설"
"005180","빙그레"
"237880","클리오"
"192530","광주은행"
"003540","대신증권"
"034310","NICE"
"265520","AP시스템"
"085660","차바이오텍"
"178920","SKC코오롱PI"
"007340","동아타이어"
"031440","신세계푸드"
"058650","세아홀딩스"
"112040","위메이드"
"006730","서부T&D"
"096760","JW홀딩스"
"200130","콜마비앤에이치"
"000815","삼성화재우"
"036930","주성엔지니어링"
"088390","이녹스"
"021960","KB캐피탈"
"030530","원익홀딩스"
"072710","농심홀딩스"
"267980","매일유업"
"101530","해태제과식품"
"070960","용평리조트"
"210980","SK디앤디"
"138250","엔에스쇼핑"
"003530","한화투자증권"
"086450","동국제약"
"029530","신도리코"
"100120","뷰웍스"
"001520","동양"
"006060","화승인더"
"122870","와이지엔터테인먼트"
"003920","남양유업"
"091700","파트론"
"024720","한국콜마홀딩스"
"049950","미래컴퍼니"
"003030","세아제강"
"001510","SK증권"
"041510","에스엠"
"108320","실리콘웍스"
"009450","경동나비엔"
"042700","한미반도체"
"004490","세방전지"
"002960","한국쉘석유"
"044490","태웅"
"025980","에머슨퍼시픽"
"095610","테스"
"053800","안랩"
"161000","애경유화"
"065620","제낙스"
"017810","풀무원"
"025860","남해화학"
"066970","엘앤에프"
"008060","대덕전자"
"028300","에이치엘비"
"034120","SBS"
"001720","신영증권"
"030190","NICE평가정보"
"031430","신세계인터내셔날"
"004690","삼천리"
"039840","디오"
"097230","한진중공업"
"004430","송원산업"
"023890","아트라스BX"
"078160","메디포스트"
"036580","팜스코"
"241590","화승엔터프라이즈"
"122900","아이마켓코리아"
"104830","원익머트리얼즈"
"025900","동화기업"
"015750","성우하이텍"
"005500","삼진제약"
"145720","덴티움"
"009290","광동제약"
"126560","현대에이치씨엔"
"051500","CJ프레시웨이"
"005720","넥센"
"032190","다우데이타"
"036420","제이콘텐트리"
"078020","이베스트투자증권"
"213500","한솔제지"
"064760","티씨케이"
"003850","보령제약"
"017940","E1"
"023410","유진기업"
"112610","씨에스윈드"
"043150","바텍"
"013120","동원개발"
"025770","한국정보통신"
"089600","나스미디어"
"086520","에코프로"
"038540","텍셀네트컴"
"002320","한진"
"000050","경방"
"206640","바디텍메드"
"014830","유니드"
"00088K","한화3우B"
"078520","에이블씨엔씨"
"016450","한세예스24홀딩스"
"033660","아주캐피탈"
"038500","삼표시멘트"
"007700","F&F"
"011810","STX"
"008490","서흥"
"101060","SBS미디어홀딩스"
"015350","부산가스"
"017390","서울가스"
"048530","인트론바이오"
"005810","풍산홀딩스"
"200880","서연이화"
"067080","대화제약"
"084690","대상홀딩스"
"079430","현대리바트"
"024660","하림홀딩스"
"007160","사조산업"
"083790","크리스탈"
"084370","유진테크"
"078150","HB테크놀러지"
"002795","아모레G우"
"037710","광주신세계"
"016250","이테크건설"
"182400","에이티젠"
"000400","롯데손해보험"
"249420","일동제약"
"100130","동국S&C"
"003120","일성신약"
"222040","뉴트리바이오텍"
"152330","코리아오토글라스"
"025620","제이준코스메틱"
"080160","모두투어"
"200230","텔콘"
"084110","휴온스글로벌"
"104700","한국철강"
"030520","한글과컴퓨터"
"077970","STX엔진"
"003800","에이스침대"
"119610","인터로조"
"115450","지트리비앤티"
"215000","골프존"
"004130","대덕GDS"
"108790","인터파크"
"082270","젬백스"
"063080","게임빌"
"102460","이연제약"
"092040","아미코젠"
"068240","다원시스"
"099190","아이센스"
"115960","연우"
"214450","파마리서치프로덕트"
"007810","코리아써키트"
"030610","교보증권"
"003230","삼양식품"
"058820","CMG제약"
"033240","자화전자"
"004380","삼익THK"
"033290","코웰패션"
"032350","롯데관광개발"
"031390","녹십자셀"
"031980","피에스케이"
"001630","종근당홀딩스"
"049960","쎌바이오텍"
"016800","퍼시스"
"035810","이지바이오"
"001200","유진투자증권"
"086980","쇼박스"
"002990","금호산업"
"002780","진흥기업"
"009680","모토닉"
"035080","인터파크홀딩스"
"003220","대원제약"
"001500","HMC투자증권"
"004710","한솔테크닉스"
"054950","제이브이엠"
"014200","광림"
"094800","맵스리얼티1"
"241710","코스메카코리아"
"041830","인바디"
"000480","조선내화"
"141080","레고켐바이오"
"214420","토니모리"
"011930","신성이엔지"
"053030","바이넥스"
"033270","유나이티드제약"
"019170","신풍제약"
"194510","파티게임즈"
"001725","신영증권우"
"243070","휴온스"
"036540","SFA반도체"
"013030","하이록코리아"
"122990","와이솔"
"010050","우리종금"
"008730","율촌화학"
"016580","환인제약"
"002390","한독"
"095570","AJ네트웍스"
"057500","SKC 솔믹스"
"001780","알루코"
"007820","에스엠코어"
"003060","에이프로젠제약"
"123100","테라세미콘"
"002250","알보젠코리아"
"000250","삼천당제약"
"195870","해성디에스"
"074600","원익QnC"
"268280","미원에스씨"
"080420","모다이노칩"
"214390","경보제약"
"136490","선진"
"087010","펩트론"
"000155","두산우"
"090470","제이스텍"
"003570","S&T중공업"
"161580","필옵틱스"
"005960","동부건설"
"095340","ISC"
"217480","에스디생명공학"
"064240","홈캐스트"
"005090","삼광글라스"
"035600","KG이니시스"
"000540","흥국화재"
"007690","국도화학"
"016380","동부제철"
"004150","한솔홀딩스"
"002810","삼영무역"
"215360","우리산업"
"141000","비아트론"
"002000","한국유리"
"067290","JW신약"
"010955","S-Oil우"
"043370","평화정공"
"007210","벽산"
"006390","현대시멘트"
"001130","대한제분"
"102710","이엔에프테크놀로지"
"001880","삼호"
"213420","덕산네오룩스"
"060280","큐렉소"
"025000","KPX케미칼"
"082740","두산엔진"
"014620","성광벤드"
"004360","세방"
"016100","리더스코스메틱"
"228850","레이언스"
"215790","이노인스트루먼트"
"095660","네오위즈"
"009580","무림P&P"
"123690","한국화장품"
"900140","코라오홀딩스"
"000430","대원강업"
"200670","휴메딕스"
"060300","레드로버"
"102260","동성코퍼레이션"
"044820","코스맥스비티아이"
"084010","대한제강"
"017960","한국카본"
"019210","와이지-원"
"004870","티웨이홀딩스"
"095720","웅진씽크빅"
"036530","S&T홀딩스"
"086390","유니테스트"
"065160","에프티이앤이"
"138490","코오롱플라스틱"
"005680","삼영전자"
"043610","지니뮤직"
"115160","휴맥스"
"092230","KPX홀딩스"
"015860","일진홀딩스"
"035900","JYP Ent."
"038290","마크로젠"
"003200","일신방직"
"136480","하림"
"183190","아세아시멘트"
"114570","지스마트글로벌"
"115180","큐리언트"
"000140","하이트진로홀딩스"
"079980","휴비스"
"144510","녹십자랩셀"
"225530","보광산업"
"001250","GS글로벌"
"071970","STX중공업"
"192440","슈피겐코리아"
"052260","SK바이오랜드"
"011760","현대상사"
"001940","KISCO홀딩스"
"201490","미투온"
"191420","테고사이언스"
"007390","네이처셀"
"052710","아모텍"
"039570","아이콘트롤스"
"011040","경동제약"
"085370","루트로닉"
"068400","AJ렌터카"
"041140","넥슨지티"
"067160","아프리카TV"
"036000","예림당"
"004700","조광피혁"
"067390","아스트"
"168330","내츄럴엔도텍"
"036800","나이스정보통신"
"003560","IHQ"
"005389","현대차3우B"
"060250","NHN한국사이버결제"
"064260","다날"
"090460","비에이치"
"222800","심텍"
"005740","크라운해태홀딩스"
"005160","동국산업"
"060150","인선이엔티"
"007860","서연"
"000860","강남제비스코"
"002030","아세아"
"089470","현대EP"
"088130","동아엘텍"
"040350","큐로컴"
"027050","코리아나"
"023160","태광"
"234080","JW생명과학"
"036630","세종텔레콤"
"092730","네오팜"
"005690","파미셀"
"000680","LS네트웍스"
"018120","진로발효"
"095270","웨이브일렉트로"
"137940","넥스트아이"
"194370","제이에스코퍼레이션"
"005950","이수화학"
"011370","서한"
"900290","GRT"
"048410","현대아이비티"
"060720","KH바텍"
"121440","골프존뉴딘"
"089140","넥스턴"
"000020","동화약품"
"032500","케이엠더블유"
"001790","대한제당"
"220630","해마로푸드서비스"
"264900","크라운제과"
"000970","한국주철관"
"004250","NPC"
"214180","민앤지"
"001460","BYC"
"082920","비츠로셀"
"008700","아남전자"
"036030","KTH"
"001270","부국증권"
"089030","테크윙"
"045100","한양이엔지"
"092200","디아이씨"
"160550","NEW"
"171120","라이온켐텍"
"006380","카프로"
"004970","신라교역"
"015360","예스코"
"054050","농우바이오"
"036200","유니셈"
"144960","뉴파워프라즈마"
"003545","대신증권우"
"093920","서원인텍"
"178320","서진시스템"
"097955","CJ제일제당 우"
"040910","아이씨디"
"020760","일진디스플"
"039200","오스코텍"
"013520","화승알앤에이"
"900260","로스웰"
"004060","SG세계물산"
"900270","헝셩그룹"
"104480","티케이케미칼"
"034950","한국기업평가"
"000700","유수홀딩스"
"058430","포스코강판"
"003070","코오롱글로벌"
"007720","대명코퍼레이션"
"900300","오가닉티코스메틱"
"033160","엠케이전자"
"183490","엔지켐생명과학"
"035890","서희건설"
"071055","한국금융지주우"
"063570","한국전자금융"
"041440","에버다임"
"000180","성창기업지주"
"004960","한신공영"
"143240","사람인에이치알"
"035150","백산"
"002630","오리엔트바이오"
"046440","KG모빌리언스"
"010690","화신"
"011160","두산건설"
"013990","아가방컴퍼니"
"067830","세이브존I&C"
"036190","금화피에스시"
"033640","네패스"
"068790","DMS"
"018000","유니슨"
"004440","대림씨엔에스"
"012690","모나리자"
"021320","KCC건설"
"084870","TBH글로벌"
"027390","한화갤러리아타임월드"
"005990","매일홀딩스"
"000390","삼화페인트"
"054670","대한뉴팜"
"031330","에스에이엠티"
"001820","삼화콘덴서"
"029960","코엔텍"
"018310","삼목에스폼"
"069110","코스온"
"049070","인탑스"
"067280","멀티캠퍼스"
"039440","에스티아이"
"030210","KTB투자증권"
"001045","CJ우"
"044450","KSS해운"
"060240","룽투코리아"
"140410","메지온"
"053450","세코닉스"
"037950","엘컴텍"
"003280","흥아해운"
"012700","리드코프"
"077360","덕산하이메탈"
"002450","삼익악기"
"013570","디와이"
"094280","효성ITX"
"000320","노루홀딩스"
"232140","와이아이케이"
"143210","핸즈코퍼레이션"
"004540","깨끗한나라"
"011280","태림포장"
"033560","블루콤"
"089980","상아프론테크"
"102280","쌍방울"
"196170","알테오젠"
"091120","이엠텍"
"077500","유니퀘스트"
"067170","오텍"
"109610","에스와이패널"
"082210","옵트론텍"
"036890","진성티이씨"
"002840","미원상사"
"053300","한국정보인증"
"046140","SBS콘텐츠허브"
"052330","코텍"
"014470","부방"
"004840","DRB동일"
"067000","조이시티"
"014280","금강공업"
"023910","대한약품"
"046210","파나진"
"168490","한국패러랠"
"229640","LS전선아시아"
"225570","넷게임즈"
"094480","갤럭시아컴즈"
"123420","선데이토즈"
"004560","현대비앤지스틸"
"054780","키이스트"
"097520","엠씨넥스"
"002460","화성산업"
"021820","세원정공"
"064800","필링크"
"183300","코미코"
"199800","툴젠"
"109960","에이프로젠 H&G"
"017890","한국알콜"
"100250","진양홀딩스"
"011690","유양디앤유"
"061460","한진피앤씨"
"019440","세아특수강"
"900040","차이나그레이트"
"002600","조흥"
"100220","비상교육"
"007660","이수페타시스"
"900250","크리스탈신소재"
"086960","MDS테크"
"000230","일동홀딩스"
"033530","세종공업"
"000490","대동공업"
"066700","테라젠이텍스"
"114810","아이원스"
"083310","엘오티베큠"
"002310","아세아제지"
"206560","덱스터"
"026890","디피씨"
"007980","태평양물산"
"193250","와이제이엠게임즈"
"014790","한라"
"065660","안트로젠"
"052020","에스티큐브"
"004980","성신양회"
"166090","하나머티리얼즈"
"010820","퍼스텍"
"012610","경인양행"
"025560","미래산업"
"117580","대성에너지"
"073070","넥센테크"
"012200","계양전기"
"074430","아미노로직스"
"204990","현성바이탈"
"003460","유화증권"
"004890","동일산업"
"072470","우리산업홀딩스"
"122640","예스티"
"079370","제우스"
"006220","제주은행"
"100700","세운메디칼"
"042520","한스바이오메드"
"236200","슈프리마"
"052790","액토즈소프트"
"069640","엠케이트렌드"
"210540","디와이파워"
"238090","앤디포스"
"090360","로보스타"
"005945","NH투자증권우"
"103590","일진전기"
"084680","이월드"
"103130","웅진에너지"
"004650","창해에탄올"
"071200","인피니트헬스케어"
"002360","SH에너지화학"
"187420","제노포커스"
"038060","루멘스"
"002150","도화엔지니어링"
"044340","위닉스"
"126700","하이비젼시스템"
"003480","한진중공업홀딩스"
"050110","캠시스"
"155650","와이엠씨"
"033500","동성화인텍"
"048550","SM C&C"
"138690","엘아이에스"
"001380","SG충방"
"099320","쎄트렉아이"
"096630","에스코넥"
"107590","미원홀딩스"
"052420","오성엘에스티"
"016610","동부증권"
"091090","세원셀론텍"
"092070","디엔에프"
"011000","진원생명과학"
"248170","샘표식품"
"016880","웅진"
"200780","비씨월드제약"
"073560","우리손에프앤지"
"222420","쎄노텍"
"066980","브레인콘텐츠"
"203690","프로스테믹스"
"067630","에이치엘비생명과학"
"065060","지엔코"
"035620","바른손이앤에이"
"008290","원풍물산"
"083650","비에이치아이"
"090350","노루페인트"
"217730","강스템바이오텍"
"001390","KG케미칼"
"035610","솔본"
"900130","웨이포트"
"151910","나노스"
"267290","경동도시가스"
"131030","디에이치피코리아"
"013580","계룡건설"
"096690","제이스테판"
"017180","명문제약"
"003555","LG우"
"035000","지투알"
"024090","디씨엠"
"080000","에스엔유"
"111110","호전실업"
"219550","한강인터트레이드"
"075580","세진중공업"
"060560","홈센타홀딩스"
"221840","하이즈항공"
"003830","대한화섬"
"047310","파워로직스"
"049520","유아이엘"
"009440","KC그린홀딩스"
"015710","코콤"
"049180","셀루메드"
"053980","오상자이엘"
"950140","잉글우드랩(Reg.S)"
"065510","휴비츠"
"005870","휴니드"
"005390","신성통상"
"251370","와이엠티"
"104200","NHN벅스"
"065680","우주일렉트로"
"002170","삼양통상"
"092130","이크레더블"
"086890","이수앱지스"
"000040","KR모터스"
"001360","삼성제약"
"067990","도이치모터스"
"166480","코아스템"
"094850","참좋은레져"
"028100","동아지질"
"001540","안국약품"
"038880","아이에이"
"078890","가온미디어"
"024950","삼천리자전거"
"052400","코나아이"
"051360","토비스"
"042040","케이피엠테크"
"217270","넵튠"
"900120","씨케이에이치"
"005800","신영와코루"
"205500","액션스퀘어"
"006490","인스코비"
"003650","미창석유"
"023000","삼원강재"
"002300","한국제지"
"016710","대성홀딩스"
"038390","레드캡투어"
"041650","상신브레이크"
"130660","한전산업"
"075180","새론오토모티브"
"005750","대림B&Co"
"233990","하우동천"
"060590","씨티씨바이오"
"225190","삼양옵틱스"
"015890","태경산업"
"228340","동양파일"
"214430","아이쓰리시스템"
"066110","한프"
"030270","에스마크"
"194480","데브시스터즈"
"008350","남선알미늄"
"104540","코렌텍"
"151860","KG ETS"
"134380","미원화학"
"003960","사조대림"
"053610","프로텍"
"004200","고려개발"
"123410","코리아에프티"
"005710","대원산업"
"092600","넥스트칩"
"095500","미래나노텍"
"000650","천일고속"
"032620","유비케어"
"054620","APS홀딩스"
"012170","키위미디어그룹"
"063170","서울옥션"
"016090","대현"
"222110","팬젠"
"121600","나노신소재"
"036560","영풍정밀"
"053350","이니텍"
"195990","유지인트"
"101330","모베이스"
"102120","어보브반도체"
"096775","SK이노베이션우"
"045390","대아티아이"
"006090","사조오양"
"054800","아이디스홀딩스"
"084180","수성"
"227840","현대코퍼레이션홀딩스"
"020710","시공테크"
"092440","기신정기"
"024810","이화전기"
"001530","동일방직"
"011700","한신기계"
"216050","인크로스"
"109740","디에스케이"
"005430","한국공항"
"042420","네오위즈홀딩스"
"046070","코다코"
"010170","대한광통신"
"006370","대구백화점"
"087260","모바일어플라이언스"
"002700","신일산업"
"111820","처음앤씨"
"140860","파크시스템스"
"071280","로체시스템즈"
"069510","에스텍"
"065650","메디프론"
"035510","신세계 I&C"
"058610","에스피지"
"078140","대봉엘에스"
"041910","에스텍파마"
"02826K","삼성물산우B"
"131290","티에스이"
"088800","에이스테크"
"230360","에코마케팅"
"009270","신원"
"002800","신신제약"
"136540","윈스"
"009155","삼성전기우"
"041460","한국전자인증"
"149940","모다"
"000215","대림산업우"
"017900","광전자"
"009160","SIMPAC"
"009310","참엔지니어링"
"003160","디아이"
"012030","동부"
"014100","보령메디앙스"
"058400","KNN"
"008600","윌비스"
"022220","정산애강"
"072020","중앙백신"
"089230","THE E&M"
"025440","대성엘텍"
"034590","인천도시가스"
"205100","엑셈"
"031860","엔에스엔"
"040610","SG&G"
"034940","조아제약"
"003080","성보화학"
"065150","MP그룹"
"002880","대유에이텍"
"111870","삼본정밀전자"
"060570","아이리버"
"004310","현대약품"
"011090","에넥스"
"002900","동양물산"
"049080","기가레인"
"131370","알서포트"
"058530","크레아플래닛"
"090710","디에스티로봇"
"027710","팜스토리"
"049800","우진플라임"
"131970","테스나"
"002820","선창산업"
"054450","텔레칩스"
"002100","경농"
"023760","한국캐피탈"
"101490","에스앤에스텍"
"012160","영흥철강"
"034810","해성산업"
"034300","신세계건설"
"025750","한솔홈데코"
"033320","제이씨현시스템"
"061970","엘비세미콘"
"096240","청담러닝"
"108380","대양전기공업"
"049480","오픈베이스"
"063760","이엘피"
"950130","엑세스바이오"
"190510","나무가"
"004910","조광페인트"
"001340","백광산업"
"017370","우신시스템"
"152550","한국ANKOR유전"
"126600","코프라"
"163560","동일고무벨트"
"211270","AP위성"
"043290","케이맥"
"071460","대유위니아"
"093190","빅솔론"
"009300","삼아제약"
"224060","코디엠"
"123860","아나패스"
"122450","KMH"
"239610","에이치엘사이언스"
"101000","디엠씨"
"003350","한국화장품제조"
"043650","국순당"
"014530","극동유화"
"066620","국보디자인"
"026040","제이에스티나"
"032560","황금에스티"
"119860","다나와"
"003100","선광"
"039560","다산네트웍스"
"079950","인베니아"
"053280","예스24"
"058860","케이티스"
"038870","에코바이오"
"037460","삼지전자"
"204630","화이브라더스코리아"
"042370","비츠로테크"
"010960","삼호개발"
"072870","메가스터디"
"000850","화천기공"
"025320","시노펙스"
"008260","NI스틸"
"092460","한라IMS"
"018500","동원금속"
"900280","골든센츄리"
"006910","보성파워텍"
"053690","한미글로벌"
"225330","씨엠에스에듀"
"067370","선바이오"
"223310","이에스브이"
"037270","YG PLUS"
"057540","옴니시스템"
"033170","시그네틱스"
"149950","아바텍"
"065940","바이오빌"
"250000","보라티알"
"140070","서플러스글로벌"
"900080","에스앤씨엔진그룹"
"100840","S&TC"
"048430","유라테크"
"063160","종근당바이오"
"147760","마이크로프랜드"
"039980","리노스"
"007330","푸른저축은행"
"017040","광명전기"
"041920","메디아나"
"030790","동양네트웍스"
"048870","코아로직"
"014710","사조씨푸드"
"185490","아이진"
"011150","CJ씨푸드"
"041590","젬백스테크놀러지"
"011560","세보엠이씨"
"047770","코데즈컴바인"
"023350","한국종합기술"
"043580","에임하이"
"066900","디에이피"
"056700","신화인터텍"
"039860","나노엔텍"
"015230","대창단조"
"016590","신대양제지"
"241790","오션브릿지"
"225650","쿠첸"
"206650","유바이오로직스"
"008970","동양철관"
"900100","뉴프라이드"
"040420","정상제이엘에스"
"112240","에스에프씨"
"114120","크루셜텍"
"041520","이라이콤"
"099440","스맥"
"009780","엠에스씨"
"006405","삼성SDI우"
"026180","현대정보기술"
"117670","알파홀딩스"
"160980","싸이맥스"
"009770","삼정펄프"
"142280","녹십자엠에스"
"065130","탑엔지니어링"
"067310","하나마이크론"
"078000","텔코웨어"
"012790","신일제약"
"061040","알에프텍"
"064520","바른전자"
"001840","이화공영"
"032790","엠젠플러스"
"033110","이디"
"083930","아바코"
"054210","이랜텍"
"009200","무림페이퍼"
"083640","인콘"
"122350","삼기오토모티브"
"019660","글로본"
"058730","동아에스텍"
"131390","피앤이솔루션"
"173940","에프엔씨엔터"
"084730","팅크웨어"
"004780","대륙제관"
"056090","유앤아이"
"002920","유성기업"
"007110","일신석재"
"009520","포스코엠텍"
"091970","나노캠텍"
"900180","완리"
"134780","화진"
"047400","쌍용머티리얼"
"096640","멜파스"
"234920","자이글"
"192250","케이사인"
"005980","성지건설"
"079970","투비소프트"
"059090","미코"
"087600","픽셀플러스"
"060370","KT서브마린"
"058850","KTcs"
"068330","일신바이오"
"000890","보해양조"
"095910","에스에너지"
"005860","한일사료"
"142760","바이오리더스"
"001020","페이퍼코리아"
"159910","스킨앤스킨"
"005010","휴스틸"
"012320","경동인베스트"
"007540","샘표"
"005620","대성합동지주"
"069920","아이에스이커머스"
"008040","사조동아원"
"036710","심텍홀딩스"
"000500","가온전선"
"208640","썸에이지"
"005420","코스모화학"
"264450","유비쿼스"
"076610","해성옵틱스"
"004450","삼화왕관"
"079960","동양이엔피"
"088910","동우팜투테이블"
"137400","피엔티"
"013870","지엠비코리아"
"012800","대창"
"143540","영우디에스피"
"100090","삼강엠앤티"
"033180","필룩스"
"039830","오로라"
"047080","한빛소프트"
"040300","YTN"
"040160","누리텔레콤"
"079650","서산"
"061250","화일약품"
"019550","SBI인베스트먼트"
"043340","에쎈테크"
"018470","조일알미늄"
"036010","아비코전자"
"014160","대영포장"
"006660","삼성공조"
"024890","대원화성"
"950110","SBI액시즈"
"031510","오스템"
"068290","삼성출판사"
"049630","재영솔루텍"
"067570","엔브이에이치코리아"
"206400","엔터메이트"
"001570","금양"
"066910","손오공"
"005190","동성화학"
"189300","인텔리안테크"
"155660","DSR"
"042510","라온시큐어"
"004080","신흥"
"130580","나이스디앤비"
"083660","CSA 코스믹"
"005070","코스모신소재"
"002230","피에스텍"
"060310","3S"
"027040","서울전자통신"
"039340","한국경제TV"
"045970","코아시아홀딩스"
"053620","태양"
"013310","아진산업"
"043100","솔고바이오"
"042110","에스씨디"
"000300","대유플러스"
"217600","켐온"
"086040","바이오톡스텍"
"078070","유비쿼스홀딩스"
"105840","우진"
"120030","조선선재"
"008250","이건산업"
"036690","코맥스"
"019685","대교우B"
"080520","오디텍"
"084670","동양고속"
"006980","우성사료"
"052770","와이디온라인"
"001750","한양증권"
"189980","흥국에프엔비"
"005305","롯데칠성우"
"065450","빅텍"
"056080","유진로봇"
"204840","지엘팜텍"
"123840","한일진공"
"038680","에스넷"
"137950","제이씨케미칼"
"900050","중국원양자원"
"027740","마니커"
"128820","대성산업"
"037350","성도이엔지"
"007590","동방아그로"
"000590","CS홀딩스"
"003610","방림"
"004720","우리들제약"
"002210","동성제약"
"187220","디티앤씨"
"023600","삼보판지"
"149980","하이로닉"
"101390","아이엠"
"043090","팜스웰바이오"
"023430","아이이"
"047820","초록뱀"
"038460","바이오스마트"
"192410","감마누"
"081000","일진다이아"
"083500","에프엔에스테크"
"006340","대원전선"
"214270","퓨쳐스트림네트웍스"
"069410","엔텔스"
"123700","SJM"
"024840","갑을메탈"
"03473K","SK우"
"053590","한국테크놀로지"
"241690","유니테크노"
"129260","인터지스"
"048910","대원미디어"
"074610","이엔쓰리"
"043200","파루"
"027830","대성창투"
"009070","KCTC"
"092870","엑시콘"
"014440","영보화학"
"021080","에이티넘인베스트"
"092220","KEC"
"004100","태양금속"
"030960","양지사"
"049430","코메론"
"120115","코오롱인더우"
"133750","메가엠디"
"053950","경남제약"
"006805","미래에셋대우우"
"006125","SK케미칼우"
"052290","트레이스"
"057680","옴니텔"
"106190","하이텍팜"
"049470","SGA"
"017550","수산중공업"
"095190","이엠코리아"
"054040","한국컴퓨터"
"032850","비트컴퓨터"
"024910","경창산업"
"032940","원익"
"014990","인디에프"
"106240","파인테크닉스"
"073110","엘엠에스"
"024800","유성티엔에스"
"144620","코오롱머티리얼"
"058630","엠게임"
"023900","풍국주정"
"241520","DSC인베스트먼트"
"197210","리드"
"011785","금호석유우"
"052220","iMBC"
"006570","대림통상"
"065570","삼영이엔씨"
"003580","동원"
"066410","투윈글로벌"
"001470","삼부토건"
"036670","KCI"
"079940","가비아"
"083420","KPX그린케미칼"
"222080","씨아이에스"
"159580","제로투세븐"
"246720","아스타"
"008870","금비"
"018680","서울제약"
"147830","제룡산업"
"059210","메타바이오메드"
"143160","아이디스"
"065530","전파기지국"
"016600","큐캐피탈"
"215200","메가스터디교육"
"080220","제주반도체"
"123330","제닉"
"138070","신진에스엠"
"048770","TPC"
"108860","셀바스AI"
"033830","티비씨"
"012860","서연전자"
"035480","마제스타"
"035290","에이원앤"
"004770","써니전자"
"161570","미동앤씨네마"
"033130","디지틀조선"
"078600","대주전자재료"
"215480","토박스코리아"
"093240","형지엘리트"
"068930","디지털대성"
"043710","서울리거"
"069730","DSR제강"
"053700","삼보모터스"
"038070","서린바이오"
"023450","동남합성"
"033100","제룡전기"
"036180","영인프런티어"
"115310","인포바인"
"018620","우진비앤지"
"079660","사조해표"
"016740","두올"
"064550","바이오니아"
"011500","한농화성"
"119850","지엔씨에너지"
"196490","디에이테크놀로지"
"039290","인포뱅크"
"010100","한국프랜지"
"037070","파세코"
"099660","한솔신텍"
"003547","대신증권2우B"
"138080","오이솔루션"
"058220","아리온"
"170030","현대공업"
"025550","한국선재"
"001080","만호제강"
"011330","유니켐"
"006140","피제이전자"
"094840","슈프리마에이치큐"
"023800","인지컨트롤스"
"085810","알티캐스트"
"064090","한양하이타오"
"065950","웰크론"
"064480","브리지텍"
"014970","삼륭물산"
"036090","위지트"
"052300","W홀딩컴퍼니"
"079190","EMW"
"127710","아시아경제"
"084650","랩지노믹스"
"123040","엠에스오토텍"
"014570","고려제약"
"010280","쌍용정보통신"
"012280","영화금속"
"017510","세명전기"
"080010","이상네트웍스"
"024120","KB오토시스"
"207760","미스터블루"
"039230","폭스브레인"
"071670","에이테크솔루션"
"033540","파라텍"
"001810","무림SP"
"208710","바이오로그디바이스"
"101170","우림기계"
"047560","이스트소프트"
"032680","소프트센"
"030350","드래곤플라이"
"090730","SIMPAC Metal"
"004830","덕성"
"120240","대정화금"
"089010","켐트로닉스"
"142210","유니트론텍"
"217820","엔에스"
"066670","디스플레이텍"
"036170","씨티엘"
"009320","대우부품"
"220100","퓨쳐켐"
"025530","SJM홀딩스"
"119650","KC코트렐"
"229500","노브메타파마"
"214680","디알텍"
"090850","이지웰페어"
"047920","씨트리"
"050120","라이브플렉스"
"900070","글로벌에스엠"
"049830","승일"
"001070","대한방직"
"045510","정원엔시스"
"021050","서원"
"032960","동일기연"
"014580","백광소재"
"037330","인지디스플레"
"066130","하츠"
"039010","현대통신"
"079810","디이엔티"
"011420","갤럭시아에스엠"
"051780","큐로홀딩스"
"019540","일지테크"
"014130","한익스프레스"
"106520","디지탈옵틱"
"025820","이구산업"
"036810","에프에스티"
"050090","휘닉스소재"
"033200","모아텍"
"222980","한국맥널티"
"002720","국제약품"
"160600","에스엔텍"
"121800","비덴트"
"088790","진도"
"078860","아이오케이"
"027580","상보"
"028080","휴맥스홀딩스"
"039420","케이엘넷"
"089850","유비벨록스"
"133820","화인베스틸"
"114630","우노앤컴퍼니"
"021040","대호피앤씨"
"216400","바이오코아"
"067900","와이엔텍"
"016670","포비스티앤씨"
"081580","성우전자"
"156100","엘앤케이바이오"
"078935","GS우"
"005360","모나미"
"014940","오리엔탈정공"
"091590","남화토건"
"097870","효성오앤비"
"208370","셀바스헬스케어"
"041930","동아화성"
"000220","유유제약"
"017680","데코앤이"
"083450","GST"
"060260","뉴보텍"
"001290","골든브릿지증권"
"150440","피노텍"
"066590","우수AMS"
"094820","일진파워"
"216280","원텍"
"001210","금호전기"
"097780","에스맥"
"131760","파인텍"
"037440","희림"
"001620","동국실업"
"036640","HRS"
"017000","신원종합개발"
"018290","지엠피"
"066310","큐에스아이"
"196300","애니젠"
"122690","서진오토모티브"
"094360","칩스앤미디어"
"200470","하이셈"
"032800","판타지오"
"101400","네오피델리티"
"032540","TJ미디어"
"065170","넥스트BT"
"039310","세중"
"001260","남광토건"
"177350","베셀"
"131180","딜리"
"053260","금강철강"
"002760","보락"
"155960","지디"
"000157","두산2우B"
"004090","한국석유"
"006880","신송홀딩스"
"065350","신성델타테크"
"114450","KPX생명과학"
"037760","쎄니트"
"017480","삼현철강"
"010040","한국내화"
"170920","엘티씨"
"126870","뉴로스"
"237750","피앤씨테크"
"154040","솔루에타"
"059100","아이컴포넌트"
"050890","쏠리드"
"004270","남성"
"072130","유엔젤"
"007120","미래아이앤지"
"009460","한창제지"
"013810","스페코"
"002140","고려산업"
"024830","세원물산"
"140520","대창스틸"
"046940","우원개발"
"093320","케이아이엔엑스"
"176750","듀켐바이오"
"024070","WISCOM"
"101730","조이맥스"
"004740","보루네오"
"017650","대림제지"
"053290","능률교육"
"065710","서호전기"
"033230","인성정보"
"038160","팍스넷"
"145210","세화아이엠씨"
"121850","코이즈"
"002200","수출포장"
"212560","네오오토"
"056730","포스링크"
"206950","볼빅"
"081970","한솔넥스지"
"073490","이노와이어리스"
"010470","오리콤"
"093520","매커스"
"024880","케이피에프"
"019010","그랜드백화점"
"039670","스포츠서울"
"191410","육일씨엔에쓰"
"108675","LG하우시스우"
"033790","서화정보통신"
"221980","케이디켐"
"015590","대경기계"
"178780","유테크"
"032040","C&S자산관리"
"250060","모비스"
"014190","원익큐브"
"003310","대주산업"
"198440","고려시멘트"
"059120","아진엑스텍"
"246690","티에스인베스트먼트"
"050540","한국코퍼레이션"
"006920","모헨즈"
"038950","파인디지털"
"008420","문배철강"
"184230","SGA솔루션즈"
"054220","비츠로시스"
"096300","베트남개발1"
"013360","일성건설"
"101160","월덱스"
"102210","해덕파워웨이"
"900110","이스트아시아홀딩스"
"071850","캐스텍코리아"
"214330","금호에이치티"
"004590","한국가구"
"057030","와이비엠넷"
"065560","큐브스"
"177830","파버나인"
"096040","이트론"
"085310","엔케이"
"023810","인팩"
"050960","수산아이앤티"
"017250","인터엠"
"094970","제이엠티"
"046390","삼화네트웍스"
"062860","티엘아이"
"080530","코디"
"041020","인프라웨어"
"203650","드림시큐리티"
"109860","동일금속"
"101240","씨큐브"
"069330","유아이디"
"000910","유니온"
"220250","카이노스메드"
"054940","엑사이엔씨"
"044180","KD건설"
"031310","아이즈비전"
"082850","우리이티아이"
"006740","영풍제지"
"043220","에이치엘비파워"
"008800","행남생활건강"
"113810","디젠스"
"045660","에이텍"
"038110","에코플라스틱"
"900090","차이나하오란"
"015260","에이엔피"
"090080","평화산업"
"007610","선도전기"
"153490","우리이앤엘"
"019990","에너토크"
"228760","지노믹트리"
"042600","새로닉스"
"033340","좋은사람들"
"032750","삼진"
"104040","대성파인텍"
"046120","오르비텍"
"001560","제일연마"
"037370","EG"
"036260","이매진아시아"
"241820","피씨엘"
"214870","에치디프로"
"001275","부국증권우"
"049120","파인디앤씨"
"052900","KMH하이텍"
"115480","씨유메디칼"
"004140","동방"
"046970","우리로"
"056360","코위버"
"026940","부국철강"
"176440","에이치엔티"
"072990","에이치시티"
"099220","SDN"
"063440","에프엔씨애드컬쳐"
"050860","아세아텍"
"067920","이글루시큐리티"
"006890","태경화학"
"002410","범양건영"
"003010","혜인"
"237720","케이엠제약"
"219750","지티지웰니스"
"039790","위노바"
"096610","알에프세미"
"229000","젠큐릭스"
"196450","온다 엔터테인먼트"
"053050","지에스이"
"094170","동운아나텍"
"138360","에이씨티"
"042500","링네트"
"038620","위즈코프"
"037230","한국팩키지"
"002070","남영비비안"
"044380","주연테크"
"023150","MH에탄올"
"234070","에이원알폼"
"175140","인포마크"
"005110","한창"
"028040","스페로 글로벌"
"115500","케이씨에스"
"068940","아이씨케이"
"214310","세미콘라이트"
"083470","KJ프리텍"
"052670","제일바이오"
"054540","삼영엠텍"
"217950","바이오씨앤디"
"126640","화신정공"
"208860","엔지스테크널러지"
"011320","유니크"
"001550","조비"
"145270","케이탑리츠"
"054090","삼진엘앤디"
"009730","코센"
"004410","서울식품"
"044480","유니더스"
"123750","알톤스포츠"
"148250","알엔투테크놀로지"
"085910","네오티스"
"005320","국동"
"051490","나라엠앤디"
"019770","서연탑메탈"
"032080","아즈텍WB"
"002220","한일철강"
"243870","굿센"
"136510","쎄미시스코"
"044960","이-글 벳"
"075130","플랜티넷"
"083550","케이엠"
"008470","부스타"
"011080","형지I&C"
"023460","CNH"
"182360","큐브엔터"
"189690","포시에스"
"090410","덕신하우징"
"195440","퓨전데이타"
"105550","트루윈"
"124500","아이티센"
"046110","한일네트웍스"
"085670","뉴프렉스"
"025950","동신건설"
"035460","기산텔레콤"
"101140","아티스"
"045060","오공"
"076080","웰크론한텍"
"192390","윈하이텍"
"187270","신화콘텍"
"007370","진양제약"
"010770","평화홀딩스"
"238120","로고스바이오"
"089150","케이씨티"
"256940","케이피에스"
"012340","뉴인텍"
"118000","우리들휴브레인"
"002690","동일제강"
"208350","지란지교시큐리티"
"064820","케이프"
"053110","소리바다"
"079000","와토스코리아"
"002710","TCC동양"
"060900","퍼시픽바이오"
"008370","원풍"
"213090","미래테크놀로지"
"126880","제이엔케이히터"
"065690","대진디엠피"
"174880","장원테크"
"082800","루미마이크로"
"049550","잉크테크"
"009190","대양금속"
"041190","우리기술투자"
"203450","유니온커뮤니티"
"026150","특수건설"
"006580","대양제지"
"128660","피제이메탈"
"005820","원림"
"226350","아이엠텍"
"007630","암니스"
"039240","경남스틸"
"010240","흥국"
"187790","나노"
"000760","이화산업"
"069540","라이트론"
"051170","썬코어"
"003465","유화증권우"
"006050","국영지앤엠"
"032980","바이온"
"148140","비디아이"
"208140","정다운"
"039020","이건홀딩스"
"054180","중앙오션"
"007770","한일화학"
"048470","대동스틸"
"045520","크린앤사이언스"
"072520","태양씨앤엘"
"052860","아이앤씨"
"003720","삼영화학"
"027970","세하"
"104460","동양피엔에프"
"093230","이아이디"
"171010","램테크놀러지"
"033310","디케이디앤아이"
"210120","빅텐츠"
"138610","나이벡"
"010660","화천기계"
"005030","부산주공"
"065420","에스아이리소스"
"200710","에이디테크놀로지"
"005450","신한"
"001000","신라섬유"
"150840","인트로메딕"
"066430","와이오엠"
"100660","서암기계공업"
"054340","엔알케이"
"071090","하이스틸"
"008110","대동전자"
"101930","인화정공"
"013000","세우글로벌"
"123570","이엠넷"
"099830","씨그널엔터테인먼트그룹"
"119500","포메탈"
"106080","알비케이이엠디"
"058450","일야"
"020180","대신정보통신"
"018700","바른손"
"050760","에스폴리텍"
"043910","자연과환경"
"051390","YW"
"221610","한솔씨앤피"
"203400","에이비온"
"035200","프럼파스트"
"024900","덕양산업"
"032820","우리기술"
"134790","팀스"
"060540","에스에이티"
"090740","연이정보통신"
"115610","이미지스"
"026260","카테아"
"056000","신스타임즈"
"08537M","루트로닉3우C"
"131090","시큐브"
"066790","씨씨에스"
"053660","현진소재"
"003780","진양산업"
"003925","남양유업우"
"013700","까뮤이앤씨"
"045890","동부라이텍"
"078130","국일제지"
"052460","아이크래프트"
"170790","파이오링크"
"031820","콤텍시스템"
"043590","크로바하이텍"
"229480","줌인터넷"
"015020","이스타코"
"091580","상신이디피"
"000520","삼일제약"
"032580","피델릭스"
"009470","삼화전기"
"033430","코리드"
"012620","원일특강"
"011390","부산산업"
"078350","한양디지텍"
"071950","코아스"
"122800","썬텍"
"057880","토필드"
"065440","이루온"
"086060","진바이오텍"
"020120","다우인큐브"
"069460","대호에이엘"
"024060","흥구석유"
"002680","한탑"
"068050","팬엔터테인먼트"
"220180","핸디소프트"
"131400","액트"
"090370","아비스타"
"054930","유신"
"131220","대한과학"
"091340","S&K폴리텍"
"009810","엔케이물산"
"005255","녹십자홀딩스1우"
"075970","동국알앤에스"
"036480","대성미생물"
"036120","SCI평가정보"
"052600","한네트"
"215380","우정비에스씨"
"092300","현우산업"
"049720","고려신용정보"
"086670","비엠티"
"037400","우리조명"
"189860","서전기전"
"098120","마이크로컨텍솔"
"010580","지코"
"070300","한솔시큐어"
"005670","푸드웰"
"054920","한컴시큐어"
"196700","웹스"
"094940","푸른기술"
"078650","코렌"
"021880","메이슨캐피탈"
"003680","한성기업"
"000440","중앙에너비스"
"097800","윈팩"
"010420","한솔PNS"
"032860","GMR 머티리얼즈"
"053270","구영테크"
"039610","화성"
"115570","스타플렉스"
"167380","나무기술"
"105740","디케이락"
"006110","삼아알미늄"
"155900","바다로19호"
"044060","조광ILI"
"101670","코리아에스이"
"130500","GH신소재"
"011300","성안"
"009180","한솔로지스틱스"
"141070","맥스로텍"
"180400","엠지메드"
"114190","웰크론강원"
"081150","티플랙스"
"230980","솔트웍스"
"094190","이엘케이"
"000950","전방"
"060230","이그잭스"
"256090","패션플랫폼"
"025880","케이씨피드"
"064290","인텍플러스"
"067730","로지시스"
"153460","네이블"
"033050","제이엠아이"
"139050","아이지스시스템"
"007460","나라케이아이씨"
"021650","한국큐빅"
"038010","제일테크노스"
"002290","삼일기업공사"
"115440","우리넷"
"054630","에이디칩스"
"217190","제너셈"
"067010","이씨에스"
"053160","프리엠스"
"103230","에스앤더블류"
"065500","오리엔트정공"
"002355","넥센타이어1우B"
"000105","유한양행우"
"046310","백금T&A"
"024740","한일단조"
"224110","에이텍티앤"
"054300","팬스타엔터프라이즈"
"015540","메디플란트"
"100030","모바일리더"
"134580","디엠티"
"109080","옵티시스"
"038340","리젠"
"014910","성문전자"
"204690","다린"
"089530","에이티세미콘"
"032280","삼일"
"019590","엠벤처투자"
"219130","타이거일렉"
"130740","티피씨글로벌"
"094860","코닉글로리"
"006200","한국전자홀딩스"
"048830","엔피케이"
"001465","BYC우"
"073540","에프알텍"
"060480","국일신동"
"150900","파수닷컴"
"043260","성호전자"
"072770","네오디안테크놀로지"
"154030","아시아종묘"
"202960","판도라티비"
"072950","빛샘전자"
"036620","버추얼텍"
"194610","우성아이비"
"003475","유안타증권우"
"093380","풍강"
"044990","에이치엔에스하이텍"
"019180","티에이치엔"
"250300","제이에스피브이"
"266870","플렉스파워에이더블유에스"
"051630","진양화학"
"158310","인터불스"
"109820","진매트릭스"
"078940","일경산업개발"
"007280","한국특수형강"
"058110","멕아이씨에스"
"205290","케미메디"
"079170","한창산업"
"054410","케이피티"
"217880","틸론"
"070590","한솔인티큐브"
"023440","제일제강"
"204210","모두투어리츠"
"085980","세화피앤씨"
"002025","코오롱우"
"044780","에이치케이"
"080470","성창오토텍"
"060380","동양에스텍"
"030720","동원수산"
"039740","한국정보공학"
"266170","뿌리깊은나무들"
"178600","대동고려삼"
"077280","한컴지엠디"
"011230","삼화전자"
"002870","신풍제지"
"222810","닉스테크"
"008500","일정실업"
"050320","에스아이티글로벌"
"001515","SK증권우"
"025890","한국주강"
"233190","미래자원엠엘"
"008775","호텔신라우"
"009140","경인전자"
"080440","에스제이케이"
"038530","골드퍼시픽"
"012600","청호컴넷"
"105330","케이엔더블유"
"139670","넥스트리밍"
"043360","디지아이"
"002420","세기상사"
"200580","메디쎄이"
"090150","광진윈텍"
"182690","테라셈"
"101680","한국정밀기계"
"047440","레이젠"
"010600","와이비로드"
"001420","태원물산"
"045300","성우테크론"
"069140","누리플랜"
"221800","유투바이오"
"089890","고려반도체"
"138290","지성이씨에스"
"029480","바른테크놀로지"
"141020","포티스"
"051380","피씨디렉트"
"140890","트러스제7호"
"191600","티케이씨"
"058420","제이웨이"
"078590","두올산업"
"224810","엄지하우스"
"026910","광진실업"
"024940","PN풍년"
"082660","삼우엠스"
"080580","오킨스전자"
"052190","이에스에이"
"016920","카스"
"232680","라온테크"
"004920","씨아이테크"
"119830","아이텍반도체"
"087220","스틸플라워"
"098660","에스티오"
"033250","체시스"
"226610","한국비엔씨"
"023960","에쓰씨엔지니어링"
"172580","하이골드12호"
"099410","동방선기"
"004365","세방우"
"073190","디비케이"
"121890","에스디시스템"
"134060","이퓨쳐"
"023770","플레이위드"
"246250","에스엘에스"
"153360","하이골드3호"
"099340","하나니켈1호"
"087730","네패스신소재"
"065770","CS"
"236340","메디젠휴먼케어"
"258250","피시피아비아이티"
"023790","동일철강"
"019570","제미니투자"
"001770","신화실업"
"067770","세진티에스"
"073010","케이에스피"
"009620","삼보산업"
"219420","링크제니시스"
"042940","르네코"
"232270","케이비제9호스팩"
"025870","신라에스지"
"007530","영신금속"
"066830","제노텍"
"019490","하이트론"
"127160","매직마이크로"
"086220","네추럴FNP"
"076340","관악산업"
"183350","엘피케이"
"242420","본느"
"224880","SGA임베디드"
"253840","수젠텍"
"232360","아스팩오일"
"127120","디엔에이링크"
"214610","나노바이오시스"
"045340","토탈소프트"
"093640","다믈멀티미디어"
"123260","사파이어테크놀로지"
"109070","KGP"
"091440","텔레필드"
"051980","넥스트바이오홀딩스"
"086250","화신테크"
"228180","티씨엠생명과학"
"053060","세동"
"099520","ITX엠투엠"
"013720","청보산업"
"089790","제이티"
"186230","그린플러스"
"212310","휴벡셀"
"073570","에이티테크놀러지"
"008830","대동기어"
"148780","비플라이소프트"
"010640","진양폴리"
"116100","태양기계"
"224760","엔에스컴퍼니"
"096870","엘디티"
"238500","로보쓰리"
"107640","한중엔시에스"
"123010","옵토팩"
"005257","녹십자홀딩스2우"
"009835","한화케미칼우"
"242350","피엔아이시스템"
"226400","오스테오닉"
"232290","SGA시스템즈"
"145995","삼양사우"
"088290","이원컴포텍"
"232530","이엠티"
"114920","대주이엔티"
"234100","세원"
"064850","에프앤가이드"
"227420","오백볼트"
"000087","하이트진로2우B"
"051160","지어소프트"
"024850","피에스엠씨"
"062580","인산가"
"135270","세종머티리얼즈"
"222390","케이비제8호스팩"
"159650","하이골드8호"
"208850","이비테크"
"115530","씨엔플러스"
"226850","키움스팩4호"
"131100","리켐"
"005725","넥센우"
"096350","대창솔루션"
"140910","에이리츠"
"020400","대동금속"
"126340","비나텍"
"073640","삼원테크"
"000075","삼양홀딩스우"
"199150","데이터스트림즈"
"004135","대덕GDS우"
"001685","대상우"
"033600","이젠텍"
"258540","스템랩"
"003495","대한항공우"
"225220","제놀루션"
"222670","플럼라인생명과학"
"135160","지오씨"
"007815","코리아써우"
"003535","한화투자증권우"
"239890","피엔에이치테크"
"215050","비엔디생활건강"
"004255","NPC우"
"156170","비앤에스미디어"
"240340","인터코스"
"230240","하나금융7호스팩"
"225860","엠앤씨생명과학"
"112190","KC산업"
"140290","청광종건"
"004105","태양금속우"
"227950","골든브릿지제4호스팩"
"230400","자비스"
"217620","한화ACPC스팩"
"225850","미애부"
"219860","한화에이스스팩2호"
"000885","한화우"
"242040","교보비엔케이스팩"
"218410","엔에이치스팩8호"
"136660","큐엠씨"
"251540","에스와이제이"
"256630","엔에이치스팩10호"
"251960","엠에프엠코리아"
"260970","에스앤디"
"120780","전우정밀"
"221950","케이비드림3호스팩"
"221200","유진스팩3호"
"256840","엔에이치스팩11호"
"218710","키움스팩3호"
"009415","태영건설우"
"224020","에스케이씨에스"
"086460","에스엔피제네틱스"
"219960","유안타제2호스팩"
"005745","크라운해태홀딩스우"
"226340","에이치엠씨3호스팩"
"001140","국보"
"084440","유비온"
"215750","미래에셋제3호스팩"
"103660","씨앗"
"173130","오파스넷"
"204620","유안타제1호스팩"
"058970","엠로"
"217320","썬테크"
"232830","시큐센"
"235090","씨케이컴퍼니"
"095300","세한엔에스브이"
"199870","세기리텍"
"002005","한국유리우"
"205470","하이제2호스팩"
"101360","이엔드디"
"007575","일양약품우"
"270210","에스알바이오텍"
"197140","디지캡"
"140660","위월드"
"252500","IBKS지엠비스팩"
"214150","케이티비스팩2호"
"204650","케이티비스팩1호"
"223040","교보5호스팩"
"215090","유진에이씨피씨스팩2호"
"207930","SK1호스팩"
"246830","시냅스엠"
"215580","대우스팩3호"
"240540","한국4호스팩"
"215570","크로넥스"
"226360","케이비드림4호스팩"
"019175","신풍제약우"
"230490","동부제4호스팩"
"220110","드림티엔터테인먼트"
"200350","래몽래인"
"250930","케이비제10호스팩"
"158300","에스에이티이엔지"
"225590","신영스팩2호"
"149010","아이케이세미콘"
"245450","씨앤에스링크"
"26490K","크라운제과우"
"262830","대신밸런스제4호스팩"
"245030","스페이스솔루션"
"001795","대한제당우"
"219580","골든브릿지제3호스팩"
"083620","아시아15호"
"217810","엔에이치스팩7호"
"235010","하이에이아이1호스팩"
"265480","미래에셋대우스팩1호"
"217500","하이제3호스팩"
"239340","미래에셋제5호스팩"
"252370","유쎌"
"225430","IBKS제3호스팩"
"251280","안지오랩"
"254120","IBKS제5호스팩"
"241510","이에스산업"
"226440","동부스팩3호"
"265920","한화수성스팩"
"000225","유유제약1우"
"264850","IBKS제6호스팩"
"211050","인카금융서비스"
"199290","바이오프로테크"
"225440","이베스트스팩3호"
"083380","동북아13호"
"083370","동북아12호"
"206660","골든브릿지제2호스팩"
"006345","대원전선우"
"021045","대호피앤씨우"
"222160","바이옵트로"
"001525","동양우"
"218150","하나머스트5호스팩"
"004545","깨끗한나라우"
"014825","동원시스템즈우"
"232330","SK3호스팩"
"18064K","한진칼우"
"257730","신한제3호스팩"
"092590","럭스피아"
"084695","대상홀딩스우"
"208890","에듀케이션파트너"
"220260","케이프이에스스팩"
"012205","계양전기우"
"001745","SK네트웍스우"
"210610","소프트캠프"
"223220","구름컴퍼니"
"258790","케이비제11호스팩"
"010145","삼성중공우"
"264290","한화에이스스팩3호"
"121060","유니포인트"
"001755","한양증권우"
"002995","금호산업우"
"189700","디피앤케이"
"215100","하나머스트4호스팩"
"099350","하나니켈2호"
"000545","흥국화재우"
"185190","수프로"
"000725","현대건설우"
"011155","CJ씨푸드1우"
"005965","동부건설우"
"252940","에스엠로보틱스"
"00781K","코리아써키트2우B"
"000145","하이트진로홀딩스우"
"016385","동부제철우"
"263770","신영스팩3호"
"009275","신원우"
"004565","현대비앤지스틸우"
"004835","덕성우"
"207720","엔에이치SL스팩"
"208870","하나머스트3호스팩"
"002785","진흥기업우B"
"091270","유디피"
"247300","인프라웨어테크놀러지"
"271850","다이오진"
"014915","성문전자우"
"189350","코셋"
"000995","동부하이텍1우"
"014285","금강공업우"
"003415","쌍용양회우"
"001527","동양2우B"
"003075","코오롱글로벌우"
"090355","노루페인트우"
"001065","JW중외제약우"
"004985","성신양회우"
"242850","영현무역"
"013367","일성건설2우B"
"000547","흥국화재2우B"
"002787","진흥기업2우B"
"189330","씨이랩"
"004415","서울식품우"
"032685","소프트센우"
"000325","노루홀딩스우"
"001799","대한제당3우B"
"244880","나눔테크"
"001067","JW중외제약2우B"
"189540","씨티네트웍스"
"008355","남선알미우"
"000227","유유제약2우B"
"267810","앙츠"
"260490","캐로스"
"004989","성신양회3우B"
"001529","동양3우B"
"183410","데카시스템"
"004987","성신양회2우B"
"000327","노루홀딩스2우B"
"179720","옐로페이"
"110660","세신버팔로"
"144740","피엠디아카데미"
